{"cameraMode":{"drawMode":0,"name":"Shaded","section":"Shading Mode"},"sceneLighting":false,"audioPlay":false,"sceneViewState":{"showFog":false,"showMaterialUpdate":false,"showSkybox":false,"showFlares":false,"showImageEffects":false,"showParticleSystems":false},"in2DMode":false,"pivot":{"x":0.013082027435302735,"y":2.6990795135498049,"z":12.636913299560547},"rotation":{"x":0.05677555501461029,"y":-0.9135581851005554,"z":0.13694752752780915,"w":0.3787260353565216},"size":38.375240325927737,"orthographic":true}