{"cameraMode":{"drawMode":0,"name":"Shaded","section":"Shading Mode"},"sceneLighting":false,"audioPlay":false,"sceneViewState":{"showFog":false,"showMaterialUpdate":false,"showSkybox":false,"showFlares":false,"showImageEffects":false,"showParticleSystems":false},"in2DMode":false,"pivot":{"x":0.10906410217285156,"y":7.045260429382324,"z":2.1013665199279787},"rotation":{"x":-0.02263876423239708,"y":0.9651252627372742,"z":-0.08914060890674591,"w":-0.245101198554039},"size":52.76704406738281,"orthographic":false}