{"cameraMode":{"drawMode":0,"name":"Shaded","section":"Shading Mode"},"sceneLighting":false,"audioPlay":false,"sceneViewState":{"showFog":false,"showMaterialUpdate":false,"showSkybox":false,"showFlares":false,"showImageEffects":false,"showParticleSystems":false},"in2DMode":false,"pivot":{"x":0.521467924118042,"y":0.8088065385818481,"z":-0.43523111939430239},"rotation":{"x":-0.010331297293305397,"y":0.17842769622802735,"z":-0.0018735593184828759,"w":-0.9838970899581909},"size":0.9217568039894104,"orthographic":false}